ra_game_id,title,category,achievements,status,dat_games,nointro_db_titles
34888,~Hack~ 20 Challenges: Episode 5 - Community Vibe,Hack,30,unmatched,,
38028,~Hack~ Attempt at a Normal Hack,Hack,33,unmatched,,
38645,~Hack~ Baby Kaizo World 2,Hack,42,unmatched,,
17542,~Hack~ Banzai Mario World,Hack,69,unmatched,,
28635,~Hack~ Casio Mario World [Subset - True Skill],Hack,9,unmatched,,
22560,"~Hack~ Celeste.smc [Subset - ""Golden Strawberries""]",Hack,11,unmatched,,
17944,~Hack~ Chrono Trigger+,Hack,109,unmatched,,
17945,~Hack~ Chrono Trigger: Schala Edition,Hack,75,unmatched,,
34882,~Hack~ Crash Bandicoot and the Retro Dimension,Hack,54,unmatched,,
32069,~Hack~ DKC X Mario,Hack,63,unmatched,,
31906,~Hack~ Daisy's Crazy Adventure,Hack,17,unmatched,,
43627,~Hack~ Donkey Kong Country: Forbidden Fruit,Hack,58,unmatched,,
41194,~Hack~ ESCAPE FROM LA PLUME,Hack,29,unmatched,,
38725,~Hack~ Earthbound Beginnings Remake,Hack,48,unmatched,,
27734,~Hack~ Elephants and Snakes and Crocodiles,Hack,16,unmatched,,
23702,~Hack~ FF5r,Hack,84,unmatched,,
32725,~Hack~ Final Fantasy C2,Hack,65,unmatched,,
32738,~Hack~ Final Fantasy IV: Daughter of Darkness and Light,Hack,30,unmatched,,
34088,~Hack~ Final Fantasy IV: T-Edition,Hack,57,unmatched,,
32731,~Hack~ Final Fantasy IV: The Darkness Within,Hack,46,unmatched,,
32659,~Hack~ Final Fantasy VI Reimagined,Hack,111,unmatched,,
22452,~Hack~ Final Fantasy VI: A Soldier's Contingency,Hack,175,unmatched,,
31180,~Hack~ Final Fantasy VI: A Soldier's Contingency [Subset - Beast Hunter],Hack,155,unmatched,,
31166,~Hack~ Final Fantasy VI: A Soldier's Contingency [Subset - Insane Mode],Hack,77,unmatched,,
36930,~Hack~ Final Fantasy VI: Hope Eternal and Love Everlasting,Hack,113,unmatched,,
35376,~Hack~ Final Fantasy VI: Omega-A,Hack,57,unmatched,,
37914,~Hack~ Grand Poo World 3 [Subset - Tower of Fate Hard Mode],Hack,12,unmatched,,
41272,~Hack~ Journey to Kaizo,Hack,103,unmatched,,
33521,"~Hack~ Law & Order: Mushroom Kingdom Unit - Pilot Episode - Tragic Fox ""Tails""",Hack,24,unmatched,,
41222,~Hack~ Le plume,Hack,30,unmatched,,
14368,~Hack~ Mario Game,Hack,59,unmatched,,
17078,~Hack~ Mario Goes to Brazil,Hack,40,unmatched,,
34490,~Hack~ Meeple Fantasy 6,Hack,90,unmatched,,
38027,~Hack~ Nachos and Fried Oreos,Hack,21,unmatched,,
41207,~Hack~ Nays Nice Hack,Hack,35,unmatched,,
38654,~Hack~ Nemesis,Hack,34,unmatched,,
30906,~Hack~ Reverie,Hack,44,unmatched,,
41275,~Hack~ Rockman X3: Anti-Tasverick,Hack,53,unmatched,,
32805,~Hack~ SMW Friends and Rivalry,Hack,55,unmatched,,
32376,~Hack~ Sauna Mario World 2,Hack,45,unmatched,,
38106,~Hack~ Shellab,Hack,25,unmatched,,
38105,~Hack~ Shellax,Hack,8,unmatched,,
27731,~Hack~ Stick mice in my head and then beat my head in with a hammer,Hack,37,unmatched,,
3788,~Hack~ Storks and Apes and Crocodiles,Hack,20,unmatched,,
13714,~Hack~ Super Castlevania IV: Other Castle,Hack,43,unmatched,,
27722,~Hack~ Super Dram World,Hack,34,unmatched,,
3787,~Hack~ Super Dram World 2,Hack,36,unmatched,,
41224,~Hack~ Super Magro World for Super Nintendo,Hack,17,unmatched,,
17132,~Hack~ Super Mario /v/orld 2: Moot Point,Hack,43,unmatched,,
20065,~Hack~ Super Mario /v/orld 3: New Vegas,Hack,66,unmatched,,
38068,~Hack~ Super Mario Kart: Horizons [Subset - Hard Mode],Hack,13,unmatched,,
17949,~Hack~ Super Mario World: 30th Anniversary Edition,Hack,118,unmatched,,
39042,~Hack~ Super Mario Worldle,Hack,7,unmatched,,
34433,~Hack~ Super Metroid: X-Fusion,Hack,98,unmatched,,
39140,~Hack~ Super Metroid: X-Fusion [Subset - Omega],Hack,18,unmatched,,
8714,"~Hack~ Sure Shot ~ DELUXE EDITION [Subset - featuring Miles ""Tails"" Prower]",Hack,9,unmatched,,
37921,~Hack~ TMT 1,Hack,11,unmatched,,
37920,~Hack~ The Mario's Travel 2,Hack,9,unmatched,,
38108,~Hack~ The Mario's Travel 3,Hack,10,unmatched,,
31183,~Hack~ Zombies Ate My Neighbors: Out of This World Experience,Hack,30,unmatched,,
38058,~Hack~ ~Demo~ Jigsaw's Test,Hack/Demo,6,unmatched,,
44295,~Hack~ ~Demo~ Super Geometry Dash World,Hack/Demo,7,unmatched,,
24005,~Homebrew~ Nightmare Busters [Subset - Bonus],Homebrew,2,unmatched,,
12823,~Homebrew~ Super Road Blaster,Homebrew,16,unmatched,,
2628,Donkey Kong Country 2: Diddy's Kong Quest [Subset - Bonus],Official,41,unmatched,,
25631,EarthBound [Subset - Camera Shy],Official,9,unmatched,,
18280,EarthBound [Subset - Rare Drops],Official,21,unmatched,,
30060,Final Fantasy VI [Subset - LLNMG + CESNMG],Official,85,unmatched,,
38076,Heracles no Eikou IV: Kamigami Kara no Okurimono [Subset - Endless Bosses],Official,39,unmatched,,
32135,Kirby's Dream Course [Subset - 2P Courses],Official,27,unmatched,,
32950,Kirby's Dream Course [Subset - Hole In One],Official,68,unmatched,,
12818,Lufia II: Rise of the Sinistrals [Subset - Ancient Cave],Official,50,unmatched,,
9486,Mega Man 7 [Subset - Bonus],Official,23,unmatched,,
5887,Mega Man X [Subset - Bonus],Official,50,unmatched,,
8706,Mega Man X2 [Subset - Bonus],Official,55,unmatched,,
5859,Mega Man X3 [Subset - Bonus],Official,60,unmatched,,
25628,Mortal Kombat 3 [Subset - Master Destiny 1cc],Official,15,unmatched,,
19856,Paladin's Quest [Subset - No Mercenaries],Official,16,unmatched,,
21717,Panel de Pon [Subset - Bonus],Official,6,unmatched,,
38563,Romancing SaGa 3 [Subset - Rare Drops],Official,60,unmatched,,
21899,Secret of Mana [Subset - Rare Drops],Official,78,unmatched,,
38254,Shin Megami Tensei II [Subset - Fusion Compendium],Official,267,unmatched,,
22747,Super Mario Kart [Subset - Bonus],Official,42,unmatched,,
30062,Super Mario RPG: Legend of the Seven Stars [Subset - Lv3 Run],Official,34,unmatched,,
9390,Super Mario World [Subset - Bonus],Official,84,unmatched,,
6714,Super Tennis [Subset - Bonus],Official,7,unmatched,,
827,Teenage Mutant Ninja Turtles IV: Turtles in Time [Subset - Bonus],Official,19,unmatched,,
38565,The Legend of Zelda: A Link to the Past [Subset - Low%],Official,14,unmatched,,
22105,Tokimeki Memorial: Densetsu no Ki no Shita de [Subset - One-Session Confessions],Official,11,unmatched,,
18274,Ys IV: Mask of the Sun [Subset - Bonus],Official,10,unmatched,,
