collection,zip_name,original_name,ra_md5
RA - Super Nintendo Entertainment System,FFVI - A Soldier's Contingency (Flavor A) (v2.02) (Lightning Hawk) (Hack).zip,FFVI - A Soldier's Contingency (Flavor A) (v2.02) (Lightning Hawk) (Hack).sfc,0dbacc6521140c3665e5551ae090b27a
RA - Super Nintendo Entertainment System,FFVI - A Soldier's Contingency (Flavor B) (v2.02) (Lightning Hawk) (Hack).zip,FFVI - A Soldier's Contingency (Flavor B) (v2.02) (Lightning Hawk) (Hack).sfc,2b1eca06a66d17c1f15a2631beee0e23
RA - Super Nintendo Entertainment System,FFVI - A Soldier's Contingency (Insane Flavor A) (v2.02) (Lightning Hawk) (Specialty Subset - Insane Mode).zip,FFVI - A Soldier's Contingency (Insane Flavor A) (v2.02) (Lightning Hawk) (Specialty Subset - Insane Mode).sfc,812a47da0348831b50b0483bcb28c1ad
RA - Super Nintendo Entertainment System,FFVI - A Soldier's Contingency (Insane Flavor B) (v2.02) (Lightning Hawk) (Specialty Subset - Insane Mode).zip,FFVI - A Soldier's Contingency (Insane Flavor B) (v2.02) (Lightning Hawk) (Specialty Subset - Insane Mode).sfc,f859c37fadc72c6604828bef7128bf60
RA - Super Nintendo Entertainment System,FFVI - A Soldier's Contingency (Monster Flavor A) (v2.02) (Lightning Hawk) (Specialty Subset - Beast Hunter).zip,FFVI - A Soldier's Contingency (Monster Flavor A) (v2.02) (Lightning Hawk) (Specialty Subset - Beast Hunter).sfc,233b3055e466957173645a91fbb618cd
RA - Super Nintendo Entertainment System,FFVI - A Soldier's Contingency (Monster Flavor B) (v2.02) (Lightning Hawk) (Specialty Subset - Beast Hunter).zip,FFVI - A Soldier's Contingency (Monster Flavor B) (v2.02) (Lightning Hawk) (Specialty Subset - Beast Hunter).sfc,8600b46291213b554fc1544c2b1e87c3
RA - Super Nintendo Entertainment System,FFVI - Reimagined (v1.7) (DrakeyC) (Hack).zip,FFVI - Reimagined (v1.7) (DrakeyC) (Hack).sfc,6f29ca82fe37ad99acf2238b66bfb66c
RA - Super Nintendo Entertainment System,Lufia II - Rise of the Sinistrals (USA) (Frue Lufia) (v4.0) (Artemis).zip,Lufia II - Rise of the Sinistrals (USA) (Frue Lufia) (v4.0) (Artemis).sfc,bf57e03293d2a09ece8a83177dd78a99
RA - Super Nintendo Entertainment System,Lufia II - Rise of the Sinistrals (USA) (Frue Lufia) (v5.2) (Artemis).zip,Lufia II - Rise of the Sinistrals (USA) (Frue Lufia) (v5.2) (Artemis).sfc,f81af0a9e66e1aa0119419a9f57bf8a7
RA - Super Nintendo Entertainment System,Lufia II - Rise of the Sinistrals (USA) (Frue Lufia) (v6.0) (Artemis).zip,Lufia II - Rise of the Sinistrals (USA) (Frue Lufia) (v6.0) (Artemis).sfc,ed37fc950ef8be02fc7f66cb37424063
RA - Super Nintendo Entertainment System,Lufia II - Rise of the Sinistrals (USA) (Frue Lufia) (v7.0) (Artemis).zip,Lufia II - Rise of the Sinistrals (USA) (Frue Lufia) (v7.0) (Artemis).sfc,9877b2b1b6b0f32db434947d0b910523
RA - Super Nintendo Entertainment System,"SMW - Reverie (v1.0) (Fyre150, Abdu) (Hack).zip","SMW - Reverie (v1.0) (Fyre150, Abdu) (Hack).sfc",feda879c47a717ad736ebfb676b3b148
RA - Super Nintendo Entertainment System,Secret of Mana (USA) (Es) (v1.0.2) (Magno).zip,Secret of Mana (USA) (Es) (v1.0.2) (Magno).sfc,0ebbd7367f16d49ed391555b5855859e
RA - Super Nintendo Entertainment System,Secret of Mana (USA) (Es) (v1.2) (Magno).zip,Secret of Mana (USA) (Es) (v1.2) (Magno).sfc,5e6f0713d4732a191be6ff941849932b
RA - Super Nintendo Entertainment System,"Seiken Densetsu 3 (Japan) (En) (v1.01) (NCorlett, LNFT) (BugFix).zip","Seiken Densetsu 3 (Japan) (En) (v1.01) (NCorlett, LNFT) (BugFix).sfc",3ca8d4f59367f906c911b9f76bcb30f9
